{
  "meta": {
    "num_classes": 30,
    "n_cal": 30017,
    "n_test": 25499,
    "cal_agreement_rate": 0.5953626278442216,
    "test_agreement_rate": 0.4671947919526256,
    "deberta_accuracy": 0.5447272442056551,
    "xgb_accuracy": 0.6606533589552531,
    "majority_accuracy": 0.19777246166516335
  },
  "baselines": {
    "deberta_alpha0.05": {
      "description": "deberta RAPS (alpha=0.05)",
      "coverage": 0.9257225773559747,
      "mean_set_size": 7.132358131691439,
      "median_set_size": 7.0,
      "singleton_rate": 0.04768814463312287,
      "singleton_accuracy": 0.9679276315789473,
      "n": 25499,
      "quantile": 0.994550347328186,
      "alpha": 0.05
    },
    "xgb_alpha0.05": {
      "description": "xgb RAPS (alpha=0.05)",
      "coverage": 0.9664300560806306,
      "mean_set_size": 4.057688536805365,
      "median_set_size": 3.0,
      "singleton_rate": 0.106827718734068,
      "singleton_accuracy": 0.9676945668135095,
      "n": 25499,
      "quantile": 0.9502272009849548,
      "alpha": 0.05
    },
    "deberta_alpha0.1": {
      "description": "deberta RAPS (alpha=0.1)",
      "coverage": 0.8714851562806385,
      "mean_set_size": 5.273814659398408,
      "median_set_size": 5.0,
      "singleton_rate": 0.2374210753362877,
      "singleton_accuracy": 0.8467129170796168,
      "n": 25499,
      "quantile": 0.9741054177284241,
      "alpha": 0.1
    },
    "xgb_alpha0.1": {
      "description": "xgb RAPS (alpha=0.1)",
      "coverage": 0.9353700145103729,
      "mean_set_size": 3.1285932781677714,
      "median_set_size": 3.0,
      "singleton_rate": 0.19989019177222636,
      "singleton_accuracy": 0.9362370021581322,
      "n": 25499,
      "quantile": 0.8970263004302979,
      "alpha": 0.1
    },
    "deberta_alpha0.2": {
      "description": "deberta RAPS (alpha=0.2)",
      "coverage": 0.7897172438134828,
      "mean_set_size": 3.4286050433350326,
      "median_set_size": 2.0,
      "singleton_rate": 0.40421192987960314,
      "singleton_accuracy": 0.778985155719414,
      "n": 25499,
      "quantile": 0.9124945402145386,
      "alpha": 0.2
    },
    "xgb_alpha0.2": {
      "description": "xgb RAPS (alpha=0.2)",
      "coverage": 0.8782697360680811,
      "mean_set_size": 2.2131848307776774,
      "median_set_size": 2.0,
      "singleton_rate": 0.3446017490881995,
      "singleton_accuracy": 0.8933651985888243,
      "n": 25499,
      "quantile": 0.7906289100646973,
      "alpha": 0.2
    }
  },
  "configs": {
    "A: DeBERTa/DeBERTa_alpha0.05": {
      "overall": {
        "description": "MACCP overall",
        "coverage": 0.9261539668222283,
        "mean_set_size": 7.123926428487391,
        "median_set_size": 8.0,
        "singleton_rate": 0.22636181811051415,
        "singleton_accuracy": 0.9154539154539154,
        "n": 25499,
        "q_agree": 0.955073893070221,
        "q_disagree": 1.024922490119934,
        "n_cal_agree": 17871,
        "n_cal_disagree": 12146,
        "n_test_agree": 11913,
        "n_test_disagree": 13586,
        "alpha": 0.05
      },
      "agree": {
        "description": "MACCP agree",
        "coverage": 0.9346931923109209,
        "mean_set_size": 3.1829094266767397,
        "median_set_size": 2.0,
        "singleton_rate": 0.4845127171996978,
        "singleton_accuracy": 0.9154539154539154,
        "n": 11913
      },
      "disagree": {
        "description": "MACCP disagree",
        "coverage": 0.918666274105697,
        "mean_set_size": 10.579640806712792,
        "median_set_size": 10.0,
        "singleton_rate": 0.0,
        "singleton_accuracy": 0.0,
        "n": 13586
      }
    },
    "B: XGBoost/XGBoost_alpha0.05": {
      "overall": {
        "description": "MACCP overall",
        "coverage": 0.9701949096042982,
        "mean_set_size": 4.10459233695439,
        "median_set_size": 3.0,
        "singleton_rate": 0.13361308286599474,
        "singleton_accuracy": 0.9594951570296448,
        "n": 25499,
        "q_agree": 0.9150857925415039,
        "q_disagree": 0.9727910757064819,
        "n_cal_agree": 17871,
        "n_cal_disagree": 12146,
        "n_test_agree": 11913,
        "n_test_disagree": 13586,
        "alpha": 0.05
      },
      "agree": {
        "description": "MACCP agree",
        "coverage": 0.9707042726433308,
        "mean_set_size": 2.718290942667674,
        "median_set_size": 2.0,
        "singleton_rate": 0.26038781163434904,
        "singleton_accuracy": 0.9587362991618311,
        "n": 11913
      },
      "disagree": {
        "description": "MACCP disagree",
        "coverage": 0.9697482702782276,
        "mean_set_size": 5.320182540850876,
        "median_set_size": 4.0,
        "singleton_rate": 0.02244958045046371,
        "singleton_accuracy": 0.9672131147540983,
        "n": 13586
      }
    },
    "C: DeBERTa/XGBoost_alpha0.05": {
      "overall": {
        "description": "MACCP overall",
        "coverage": 0.9534099376446135,
        "mean_set_size": 4.322875406878701,
        "median_set_size": 4.0,
        "singleton_rate": 0.23922506764971174,
        "singleton_accuracy": 0.9178688524590164,
        "n": 25499,
        "q_agree": 0.9542700052261353,
        "q_disagree": 0.973381757736206,
        "n_cal_agree": 17871,
        "n_cal_disagree": 12146,
        "n_test_agree": 11913,
        "n_test_disagree": 13586,
        "alpha": 0.05
      },
      "agree": {
        "description": "MACCP agree",
        "coverage": 0.934273482749937,
        "mean_set_size": 3.164358264081256,
        "median_set_size": 2.0,
        "singleton_rate": 0.48669520691681356,
        "singleton_accuracy": 0.9151431528113142,
        "n": 11913
      },
      "disagree": {
        "description": "MACCP disagree",
        "coverage": 0.9701899013690564,
        "mean_set_size": 5.338731046665686,
        "median_set_size": 4.0,
        "singleton_rate": 0.022228764905049315,
        "singleton_accuracy": 0.9701986754966887,
        "n": 13586
      }
    },
    "D: XGBoost/DeBERTa_alpha0.05": {
      "overall": {
        "description": "MACCP overall",
        "coverage": 0.9433703282481666,
        "mean_set_size": 6.943409545472371,
        "median_set_size": 8.0,
        "singleton_rate": 0.12525981411035728,
        "singleton_accuracy": 0.95648090169067,
        "n": 25499,
        "q_agree": 0.9115098118782043,
        "q_disagree": 1.0263397693634033,
        "n_cal_agree": 17871,
        "n_cal_disagree": 12146,
        "n_test_agree": 11913,
        "n_test_disagree": 13586,
        "alpha": 0.05
      },
      "agree": {
        "description": "MACCP agree",
        "coverage": 0.9691093763115923,
        "mean_set_size": 2.671703181398472,
        "median_set_size": 2.0,
        "singleton_rate": 0.26811046755645096,
        "singleton_accuracy": 0.95648090169067,
        "n": 11913
      },
      "disagree": {
        "description": "MACCP disagree",
        "coverage": 0.9208008243780362,
        "mean_set_size": 10.689091712056529,
        "median_set_size": 10.0,
        "singleton_rate": 0.0,
        "singleton_accuracy": 0.0,
        "n": 13586
      }
    },
    "A: DeBERTa/DeBERTa_alpha0.1": {
      "overall": {
        "description": "MACCP overall",
        "coverage": 0.8988979959998431,
        "mean_set_size": 5.637123024432331,
        "median_set_size": 6.0,
        "singleton_rate": 0.28777599121534175,
        "singleton_accuracy": 0.8992913600436087,
        "n": 25499,
        "q_agree": 0.8981334567070007,
        "q_disagree": 0.9972513318061829,
        "n_cal_agree": 17871,
        "n_cal_disagree": 12146,
        "n_test_agree": 11913,
        "n_test_disagree": 13586,
        "alpha": 0.1
      },
      "agree": {
        "description": "MACCP agree",
        "coverage": 0.9148829010324855,
        "mean_set_size": 2.278015613195669,
        "median_set_size": 1.0,
        "singleton_rate": 0.6153781583144464,
        "singleton_accuracy": 0.8996044195880507,
        "n": 11913
      },