{
  "meta": {
    "num_classes": 20,
    "n_cal": 8289,
    "n_test": 8480,
    "cal_agreement_rate": 0.2742188442514175,
    "test_agreement_rate": 0.26839622641509436,
    "deberta_accuracy": 0.3912735849056604,
    "xgb_accuracy": 0.3625,
    "majority_accuracy": 0.40943396226415096
  },
  "baselines": {
    "deberta_alpha0.05": {
      "description": "deberta RAPS (alpha=0.05)",
      "coverage": 0.9207547169811321,
      "mean_set_size": 10.96875,
      "median_set_size": 11.0,
      "singleton_rate": 0.0,
      "singleton_accuracy": 0.0,
      "n": 8480,
      "quantile": 1.0002412796020508,
      "alpha": 0.05
    },
    "xgb_alpha0.05": {
      "description": "xgb RAPS (alpha=0.05)",
      "coverage": 0.9295990566037736,
      "mean_set_size": 13.22382075471698,
      "median_set_size": 14.0,
      "singleton_rate": 0.0,
      "singleton_accuracy": 0.0,
      "n": 8480,
      "quantile": 1.0171408653259277,
      "alpha": 0.05
    },
    "deberta_alpha0.1": {
      "description": "deberta RAPS (alpha=0.1)",
      "coverage": 0.877122641509434,
      "mean_set_size": 8.496698113207547,
      "median_set_size": 9.0,
      "singleton_rate": 0.0,
      "singleton_accuracy": 0.0,
      "n": 8480,
      "quantile": 0.9467853903770447,
      "alpha": 0.1
    },
    "xgb_alpha0.1": {
      "description": "xgb RAPS (alpha=0.1)",
      "coverage": 0.8955188679245283,
      "mean_set_size": 10.848231132075473,
      "median_set_size": 12.0,
      "singleton_rate": 0.024882075471698115,
      "singleton_accuracy": 0.9241706161137441,
      "n": 8480,
      "quantile": 0.9614146947860718,
      "alpha": 0.1
    },
    "deberta_alpha0.2": {
      "description": "deberta RAPS (alpha=0.2)",
      "coverage": 0.7979952830188679,
      "mean_set_size": 5.844929245283019,
      "median_set_size": 6.0,
      "singleton_rate": 0.18231132075471698,
      "singleton_accuracy": 0.9236739974126779,
      "n": 8480,
      "quantile": 0.8554873466491699,
      "alpha": 0.2
    },
    "xgb_alpha0.2": {
      "description": "xgb RAPS (alpha=0.2)",
      "coverage": 0.8136792452830188,
      "mean_set_size": 7.663325471698113,
      "median_set_size": 9.0,
      "singleton_rate": 0.10577830188679245,
      "singleton_accuracy": 0.8996655518394648,
      "n": 8480,
      "quantile": 0.8510986566543579,
      "alpha": 0.2
    }
  },
  "configs": {
    "A: DeBERTa/DeBERTa_alpha0.05": {
      "overall": {
        "description": "MACCP overall",
        "coverage": 0.9226415094339623,
        "mean_set_size": 10.799646226415094,
        "median_set_size": 11.0,
        "singleton_rate": 0.0,
        "singleton_accuracy": 0.0,
        "n": 8480,
        "q_agree": 0.9690624475479126,
        "q_disagree": 1.0087226629257202,
        "n_cal_agree": 2273,
        "n_cal_disagree": 6016,
        "n_test_agree": 2276,
        "n_test_disagree": 6204,
        "alpha": 0.05
      },
      "agree": {
        "description": "MACCP agree",
        "coverage": 0.9600175746924429,
        "mean_set_size": 8.157293497363796,
        "median_set_size": 8.0,
        "singleton_rate": 0.0,
        "singleton_accuracy": 0.0,
        "n": 2276
      },
      "disagree": {
        "description": "MACCP disagree",
        "coverage": 0.90892972275951,
        "mean_set_size": 11.769019987105093,
        "median_set_size": 12.0,
        "singleton_rate": 0.0,
        "singleton_accuracy": 0.0,
        "n": 6204
      }
    },
    "B: XGBoost/XGBoost_alpha0.05": {
      "overall": {
        "description": "MACCP overall",
        "coverage": 0.9297169811320755,
        "mean_set_size": 12.804127358490566,
        "median_set_size": 14.0,
        "singleton_rate": 0.01650943396226415,
        "singleton_accuracy": 0.9428571428571428,
        "n": 8480,
        "q_agree": 0.9697179794311523,
        "q_disagree": 1.0273700952529907,
        "n_cal_agree": 2273,
        "n_cal_disagree": 6016,
        "n_test_agree": 2276,
        "n_test_disagree": 6204,
        "alpha": 0.05
      },
      "agree": {
        "description": "MACCP agree",
        "coverage": 0.953427065026362,
        "mean_set_size": 8.928822495606326,
        "median_set_size": 9.0,
        "singleton_rate": 0.061511423550087874,
        "singleton_accuracy": 0.9428571428571428,
        "n": 2276
      },
      "disagree": {
        "description": "MACCP disagree",
        "coverage": 0.9210186976144423,
        "mean_set_size": 14.225822050290136,
        "median_set_size": 15.0,
        "singleton_rate": 0.0,
        "singleton_accuracy": 0.0,
        "n": 6204
      }
    },
    "C: DeBERTa/XGBoost_alpha0.05": {
      "overall": {
        "description": "MACCP overall",
        "coverage": 0.9314858490566038,
        "mean_set_size": 12.621933962264151,
        "median_set_size": 14.0,
        "singleton_rate": 0.0,
        "singleton_accuracy": 0.0,
        "n": 8480,
        "q_agree": 0.9708274006843567,
        "q_disagree": 1.0272934436798096,
        "n_cal_agree": 2273,
        "n_cal_disagree": 6016,
        "n_test_agree": 2276,
        "n_test_disagree": 6204,
        "alpha": 0.05
      },
      "agree": {
        "description": "MACCP agree",
        "coverage": 0.9600175746924429,
        "mean_set_size": 8.260984182776802,
        "median_set_size": 8.0,
        "singleton_rate": 0.0,
        "singleton_accuracy": 0.0,
        "n": 2276
      },
      "disagree": {
        "description": "MACCP disagree",
        "coverage": 0.9210186976144423,
        "mean_set_size": 14.221792392005158,
        "median_set_size": 15.0,
        "singleton_rate": 0.0,
        "singleton_accuracy": 0.0,
        "n": 6204
      }
    },
    "D: XGBoost/DeBERTa_alpha0.05": {
      "overall": {
        "description": "MACCP overall",
        "coverage": 0.9213443396226415,
        "mean_set_size": 11.03183962264151,
        "median_set_size": 11.0,
        "singleton_rate": 0.01650943396226415,
        "singleton_accuracy": 0.9428571428571428,
        "n": 8480,
        "q_agree": 0.9698750376701355,
        "q_disagree": 1.0093892812728882,
        "n_cal_agree": 2273,
        "n_cal_disagree": 6016,
        "n_test_agree": 2276,
        "n_test_disagree": 6204,
        "alpha": 0.05
      },
      "agree": {
        "description": "MACCP agree",
        "coverage": 0.953427065026362,
        "mean_set_size": 8.937609841827769,
        "median_set_size": 9.0,
        "singleton_rate": 0.061511423550087874,
        "singleton_accuracy": 0.9428571428571428,
        "n": 2276
      },
      "disagree": {
        "description": "MACCP disagree",
        "coverage": 0.9095744680851063,
        "mean_set_size": 11.800128949065119,
        "median_set_size": 12.0,
        "singleton_rate": 0.0,
        "singleton_accuracy": 0.0,
        "n": 6204
      }
    },
    "A: DeBERTa/DeBERTa_alpha0.1": {
      "overall": {
        "description": "MACCP overall",
        "coverage": 0.8798349056603774,
        "mean_set_size": 8.327830188679245,
        "median_set_size": 9.0,
        "singleton_rate": 0.06662735849056604,
        "singleton_accuracy": 0.9451327433628318,
        "n": 8480,
        "q_agree": 0.9007439613342285,
        "q_disagree": 0.9581940770149231,
        "n_cal_agree": 2273,
        "n_cal_disagree": 6016,
        "n_test_agree": 2276,
        "n_test_disagree": 6204,
        "alpha": 0.1
      },
      "agree": {
        "description": "MACCP agree",
        "coverage": 0.9195957820738138,
        "mean_set_size": 4.85896309314587,
        "median_set_size": 5.0,
        "singleton_rate": 0.2482425307557118,
        "singleton_accuracy": 0.9451327433628318,
        "n": 2276
      },
      "disagree": {
        "description": "MACCP disagree",
        "coverage": 0.8652482269503546,
        "mean_set_size": 9.600419084461638,
        "median_set_size": 10.0,
        "singleton_rate": 0.0,
        "singleton_accuracy": 0.0,
        "n": 6204
      }
    },