{
  "dataset": "mozilla",
  "model": "microsoft/deberta-v3-large",
  "num_classes": 20,
  "train_time_seconds": 992.0827770233154,
  "cal_accuracy": 0.24092170346242006,
  "test_accuracy": 0.2597877358490566,
  "deberta_base_test_accuracy": 0.3912735849056604,
  "xgb_test_accuracy": 0.3625,
  "improvement_over_base": -0.13148584905660377,
  "agreement_large_xgb_cal": 0.20388466642538303,
  "agreement_large_xgb_test": 0.21108490566037735,
  "agreement_large_base_cal": 0.1474242972614308,
  "agreement_large_base_test": 0.16662735849056604,
  "maccp": {
    "A: Large/Large_alpha0.05": {
      "overall": {
        "description": "MACCP overall",
        "coverage": 0.9200471698113207,
        "mean_set_size": 14.862971698113208,
        "median_set_size": 15.0,
        "singleton_rate": 0.0,
        "singleton_accuracy": 0.0,
        "n": 8480,
        "q_agree": 1.002933422847378,
        "q_disagree": 1.0253790845276503,
        "n_cal_agree": 1690,
        "n_cal_disagree": 6599,
        "n_test_agree": 1790,
        "n_test_disagree": 6690,
        "alpha": 0.05
      },
      "agree": {
        "description": "MACCP agree",
        "coverage": 0.9217877094972067,
        "mean_set_size": 13.960893854748603,
        "median_set_size": 14.0,
        "singleton_rate": 0.0,
        "singleton_accuracy": 0.0,
        "n": 1790
      },
      "disagree": {
        "description": "MACCP disagree",
        "coverage": 0.9195814648729447,
        "mean_set_size": 15.104334828101644,
        "median_set_size": 15.0,
        "singleton_rate": 0.0,
        "singleton_accuracy": 0.0,
        "n": 6690
      }
    },
    "B: XGBoost/XGBoost_alpha0.05": {
      "overall": {
        "description": "MACCP overall",
        "coverage": 0.9316037735849056,
        "mean_set_size": 13.364268867924528,
        "median_set_size": 14.0,
        "singleton_rate": 0.0,
        "singleton_accuracy": 0.0,
        "n": 8480,
        "q_agree": 1.0169126677913947,
        "q_disagree": 1.0215438996879636,
        "n_cal_agree": 1690,
        "n_cal_disagree": 6599,
        "n_test_agree": 1790,
        "n_test_disagree": 6690,
        "alpha": 0.05
      },
      "agree": {
        "description": "MACCP agree",
        "coverage": 0.9441340782122905,
        "mean_set_size": 13.007821229050279,
        "median_set_size": 13.0,
        "singleton_rate": 0.0,
        "singleton_accuracy": 0.0,
        "n": 1790
      },
      "disagree": {
        "description": "MACCP disagree",
        "coverage": 0.9282511210762332,
        "mean_set_size": 13.459641255605382,
        "median_set_size": 14.0,
        "singleton_rate": 0.0,
        "singleton_accuracy": 0.0,
        "n": 6690
      }
    },
    "C: Large/XGBoost_alpha0.05": {
      "overall": {
        "description": "MACCP overall",
        "coverage": 0.925,
        "mean_set_size": 13.439504716981132,
        "median_set_size": 14.0,
        "singleton_rate": 0.0,
        "singleton_accuracy": 0.0,
        "n": 8480,
        "q_agree": 1.0036732273790376,
        "q_disagree": 1.0174755255652357,
        "n_cal_agree": 1690,
        "n_cal_disagree": 6599,
        "n_test_agree": 1790,
        "n_test_disagree": 6690,
        "alpha": 0.05
      },
      "agree": {
        "description": "MACCP agree",
        "coverage": 0.9217877094972067,
        "mean_set_size": 13.989944134078213,
        "median_set_size": 14.0,
        "singleton_rate": 0.0,
        "singleton_accuracy": 0.0,
        "n": 1790
      },
      "disagree": {
        "description": "MACCP disagree",
        "coverage": 0.9258594917787742,
        "mean_set_size": 13.29222720478326,
        "median_set_size": 14.0,
        "singleton_rate": 0.0,
        "singleton_accuracy": 0.0,
        "n": 6690
      }
    },
    "D: XGBoost/Large_alpha0.05": {
      "overall": {
        "description": "MACCP overall",
        "coverage": 0.9200471698113207,
        "mean_set_size": 14.587971698113208,
        "median_set_size": 15.0,
        "singleton_rate": 0.0,
        "singleton_accuracy": 0.0,
        "n": 8480,
        "q_agree": 1.0194603148263635,
        "q_disagree": 1.0209206084773075,
        "n_cal_agree": 1690,
        "n_cal_disagree": 6599,
        "n_test_agree": 1790,
        "n_test_disagree": 6690,
        "alpha": 0.05
      },
      "agree": {
        "description": "MACCP agree",
        "coverage": 0.9452513966480447,
        "mean_set_size": 13.12513966480447,
        "median_set_size": 14.0,
        "singleton_rate": 0.0,
        "singleton_accuracy": 0.0,
        "n": 1790
      },
      "disagree": {
        "description": "MACCP disagree",
        "coverage": 0.9133034379671151,
        "mean_set_size": 14.979372197309416,
        "median_set_size": 15.0,
        "singleton_rate": 0.0,
        "singleton_accuracy": 0.0,
        "n": 6690
      }
    },
    "A: Large/Large_alpha0.1": {
      "overall": {
        "description": "MACCP overall",
        "coverage": 0.8674528301886792,
        "mean_set_size": 13.544457547169811,
        "median_set_size": 14.0,
        "singleton_rate": 0.0,
        "singleton_accuracy": 0.0,
        "n": 8480,
        "q_agree": 0.9512459892953248,
        "q_disagree": 0.9824860220693086,
        "n_cal_agree": 1690,
        "n_cal_disagree": 6599,
        "n_test_agree": 1790,
        "n_test_disagree": 6690,
        "alpha": 0.1
      },
      "agree": {
        "description": "MACCP agree",
        "coverage": 0.8865921787709498,
        "mean_set_size": 12.349720670391061,
        "median_set_size": 12.0,
        "singleton_rate": 0.0,
        "singleton_accuracy": 0.0,
        "n": 1790
      },
      "disagree": {
        "description": "MACCP disagree",
        "coverage": 0.8623318385650224,
        "mean_set_size": 13.864125560538117,
        "median_set_size": 14.0,
        "singleton_rate": 0.0,
        "singleton_accuracy": 0.0,
        "n": 6690
      }
    },
    "B: XGBoost/XGBoost_alpha0.1": {
      "overall": {
        "description": "MACCP overall",
        "coverage": 0.8961084905660377,
        "mean_set_size": 10.846816037735849,
        "median_set_size": 12.0,
        "singleton_rate": 0.024882075471698115,
        "singleton_accuracy": 0.9241706161137441,
        "n": 8480,
        "q_agree": 0.9491402237775598,
        "q_disagree": 0.9645467994970323,
        "n_cal_agree": 1690,
        "n_cal_disagree": 6599,
        "n_test_agree": 1790,
        "n_test_disagree": 6690,
        "alpha": 0.1
      },
      "agree": {
        "description": "MACCP agree",
        "coverage": 0.9173184357541899,
        "mean_set_size": 10.151396648044694,
        "median_set_size": 11.0,
        "singleton_rate": 0.013407821229050279,
        "singleton_accuracy": 1.0,
        "n": 1790
      },
      "disagree": {
        "description": "MACCP disagree",
        "coverage": 0.8904334828101644,
        "mean_set_size": 11.03288490284006,
        "median_set_size": 12.0,
        "singleton_rate": 0.02795216741405082,
        "singleton_accuracy": 0.9144385026737968,
        "n": 6690
      }
    },
    "C: Large/XGBoost_alpha0.1": {
      "overall": {
        "description": "MACCP overall",
        "coverage": 0.8895047169811321,
        "mean_set_size": 11.29622641509434,
        "median_set_size": 12.0,
        "singleton_rate": 0.022169811320754716,
        "singleton_accuracy": 0.9148936170212766,
        "n": 8480,
        "q_agree": 0.9519742214656919,
        "q_disagree": 0.9639178485812112,
        "n_cal_agree": 1690,
        "n_cal_disagree": 6599,
        "n_test_agree": 1790,
        "n_test_disagree": 6690,
        "alpha": 0.1
      },
      "agree": {
        "description": "MACCP agree",
        "coverage": 0.8865921787709498,
        "mean_set_size": 12.36536312849162,
        "median_set_size": 12.0,
        "singleton_rate": 0.0,
        "singleton_accuracy": 0.0,
        "n": 1790
      },
      "disagree": {
        "description": "MACCP disagree",