{
  "f9": 56.29180908203125,
  "f16": 47.7979850769043,
  "f478": 41.60420227050781,
  "f4": 41.50300598144531,
  "f3": 40.562538146972656,
  "f12": 37.82664108276367,
  "f13": 35.92413330078125,
  "f59": 32.718746185302734,
  "f17": 32.28728103637695,
  "f6": 30.712196350097656,
  "f8": 29.729032516479492,
  "f19": 28.252288818359375,
  "f388": 27.79519271850586,
  "f80": 27.178680419921875,
  "f10": 26.244173049926758,
  "f402": 25.664159774780273,
  "f18": 24.450538635253906,
  "f14": 24.073591232299805,
  "f0": 23.657711029052734,
  "f235": 21.699926376342773,
  "f2": 21.515195846557617,
  "f7": 20.727203369140625,
  "f88": 20.571170806884766,
  "f1": 20.234996795654297,
  "f553": 19.554330825805664,
  "f443": 19.539756774902344,
  "f5": 19.13406753540039,
  "f22": 19.106081008911133,
  "f207": 17.9570369720459,
  "f254": 17.247676849365234,
  "f11": 17.0424747467041,
  "f389": 15.711114883422852,
  "f400": 15.550933837890625,
  "f276": 15.37354564666748,
  "f15": 15.183825492858887,
  "f550": 14.264312744140625,
  "f492": 13.684905052185059,
  "f60": 13.624820709228516,
  "f410": 13.517677307128906,
  "f20": 12.952910423278809,
  "f309": 12.546242713928223,
  "f411": 12.177680015563965,
  "f412": 11.121427536010742,
  "f510": 11.108920097351074,
  "f151": 9.679182052612305,
  "f482": 9.52257251739502,
  "f289": 9.203104972839355,
  "f38": 8.854952812194824,
  "f220": 8.811047554016113,
  "f121": 8.634659767150879
}